brand,model,battery_type,model_year,drive_type,wheel_size,battery_capacity,trim,combined,city,highway
KIA,EV3,스탠다드,2026,2WD,17,58.3,,5.2,5.6,4.7
KIA,EV3,스탠다드,2026,2WD,19,58.3,,5.2,5.6,4.7
KIA,EV3,롱레인지,2026,2WD,17,81.4,,5.4,5.9,4.8
KIA,EV3,롱레인지,2026,2WD,19,81.4,,5.1,5.5,4.6
KIA,EV3,롱레인지,2026,4WD,19,81.4,,4.8,5.2,4.4
KIA,EV3 GT,None,2026,4WD,20,81.4,,4.3,4.5,4
KIA,EV4,스탠다드,2026,2WD,17,58.3,,5.8,6.2,5.3
KIA,EV4,스탠다드,2026,2WD,19,58.3,,5.4,5.7,5
KIA,EV4,롱레인지,2026,2WD,17,81.4,,5.8,6.2,5.3
KIA,EV4,롱레인지,2026,2WD,19,81.4,,5.5,5.9,5
KIA,EV4,롱레인지,2026,2WD,19,81.4,GT-Line,5.4,5.8,4.9
KIA,EV4,롱레인지,2026,4WD,19,81.4,,5.1,5.3,4.8
KIA,EV4 GT,None,2026,4WD,20,81.4,,4.5,4.6,4.3
KIA,EV5,스탠다드,2026,2WD,18,60.3,,5.1,5.7,4.4
KIA,EV5,스탠다드,2026,2WD,19,60.3,,5,5.6,4.4
KIA,EV5,롱레인지,2026,2WD,18,81.4,,5,5.5,4.4
KIA,EV5,롱레인지,2026,2WD,19,81.4,,5,5.5,4.4
KIA,EV5,롱레인지,2026,4WD,18,81.4,,4.7,5.2,4.3
KIA,EV5,롱레인지,2026,4WD,19,81.4,,4.5,5,4.1
KIA,EV5 GT,None,2026,4WD,20,81.4,,4.2,4.6,3.8
KIA,EV6,스탠다드,2026,2WD,19,62.9,,5.3,5.9,4.7
KIA,EV6,롱레인지,2026,2WD,19,84,,5.2,5.8,4.5
KIA,EV6,롱레인지,2026,2WD,20,84,,4.9,5.5,4.3
KIA,EV6,롱레인지,2026,4WD,19,84,,4.9,5.3,4.4
KIA,EV6,롱레인지,2026,4WD,20,84,,4.6,4.9,4.2
KIA,EV6 GT,None,2026,4WD,21,84,,3.8,3.9,3.6
KIA,EV9,스탠다드,2026,2WD,19,120.6,,4.2,4.8,3.7
KIA,EV9,롱레인지,2026,2WD,19,180.9,,4.2,4.7,3.6
KIA,EV9,롱레인지,2026,2WD,20,180.9,,4.1,4.6,3.5
KIA,EV9,롱레인지,2026,4WD,19,180.9,,3.8,4.2,3.3
KIA,EV9,롱레인지,2026,4WD,21,180.9,,3.9,4.3,3.4
KIA,EV9,롱레인지,2026,4WD,21,180.9,GT-Line,3.8,4.1,3.4
KIA,EV9 GT,None,2026,4WD,21,99.8,,3.6,3.8,3.4
KIA,니로 EV,None,2023,2WD,17,64.8,,5.3,5.9,4.8
KIA,니로 EV,None,2026,2WD,17,64.8,,5.3,5.9,4.8
KIA,니로 Plus,None,2023,2WD,17,64,,5.3,6,4.7
KIA,레이 EV,None,2026,2WD,14,35.2,,5.1,6,4.4
KIA,봉고3 EV,None,2026,2WD,15,60.4,,3.1,3.6,2.7
현대,ST1,None,2026,2WD,17,76.1,카고,3.6,,
현대,ST1,None,2026,2WD,17,76.1,카고 냉동,3.4,,
현대,ST1,None,2026,2WD,17,76.1,샤시캡,3.8,,
현대,ST1,None,2026,2WD,17,76.1,특장 하이탑,3.3,,
현대,블루온,None,2012,2WD,14,16.4,,,,
현대,스타리아 Electric,None,2026,2WD,17,84,투어러,3.9,4.4,3.4
현대,스타리아 Electric,None,2026,2WD,17,84,카고,4.1,4.7,3.5
현대,스타리아 Electric,None,2026,2WD,17,84,리무진,3.9,4.3,3.4
현대,스타리아 Electric,None,2026,2WD,17,84,라운지 7인승,3.9,4.3,3.4
현대,스타리아 Electric,None,2026,2WD,17,84,라운지 11인승,3.9,4.4,3.4
현대,아이오닉 5,스탠다드,2026,2WD,19,63,,5.1,5.7,4.6
현대,아이오닉 5,롱레인지,2026,2WD,19,84,빌트인 캠 미적용,5.2,5.8,4.6
현대,아이오닉 5,롱레인지,2026,2WD,19,84,,5.1,5.6,4.5
현대,아이오닉 5,롱레인지,2026,4WD,20,84,,4.9,5.3,4.4
현대,아이오닉 5,롱레인지,2026,4WD,19,84,,4.8,5.2,4.3
현대,아이오닉 5,롱레인지,2026,4WD,20,84,,4.5,4.9,4
현대,아이오닉 5,롱레인지,2026,2WD,20,84,N Line,4.7,5.2,4.1
현대,아이오닉 5,롱레인지,2026,4WD,20,84,N Line,4.4,4.8,3.9
현대,아이오닉 6,스탠다드,2026,2WD,18,63,,6.3,6.8,5.7
현대,아이오닉 6,롱레인지,2026,2WD,18,84,,6,6.4,5.4
현대,아이오닉 6,롱레인지,2026,2WD,20,84,,5.1,5.5,4.6
현대,아이오닉 6,롱레인지,2026,4WD,18,84,,5.7,6.1,5.3
현대,아이오닉 6,롱레인지,2026,4WD,20,84,,4.8,5,4.5
현대,아이오닉 6,롱레인지,2026,2WD,20,84,N Line,5.1,5.5,4.6
현대,아이오닉 6,롱레인지,2026,4WD,20,84,N Line,4.6,4.8,4.3
현대,아이오닉 9,롱레인지,2027,2WD,19,110.3,,4.3,4.7,3.9
현대,아이오닉 9,롱레인지,2027,2WD,21,110.3,,4.2,4.6,3.8
현대,아이오닉 9,롱레인지,2027,4WD,19,110.3,항속형,4.1,4.5,3.7
현대,아이오닉 9,롱레인지,2027,4WD,21,110.3,항속형,4.1,4.5,3.7
현대,아이오닉 9,롱레인지,2027,4WD,19,110.3,성능형,4.1,4.4,3.7
현대,아이오닉 9,롱레인지,2027,4WD,21,110.3,성능형,4.1,4.4,3.7
현대,아이오닉 Electric,None,2020,2WD,16,38.3,,6.3,6.8,5.7
현대,캐스퍼 Electric,스탠다드,2026,2WD,15,42,,5.8,6.5,5.1
현대,캐스퍼 Electric,롱레인지,2026,2WD,15,49,,5.6,6.2,4.9
현대,캐스퍼 Electric,롱레인지,2026,2WD,17,49,,5.2,5.7,4.7
현대,캐스퍼 Electric,롱레인지,2026,2WD,17,49,크로스,5.1,5.7,4.6
현대,캐스퍼 Electric,롱레인지,2026,2WD,17,49,크로스(루프 바스켓 적용),4.4,5,3.9
현대,코나 Electric,스탠다드,2025,2WD,17,48.6,,5.5,6.1,4.8
현대,코나 Electric,롱레인지,2025,2WD,17,64.8,,5.5,6.1,5
현대,코나 Electric,롱레인지,2025,2WD,19,64.8,,4.8,5.2,4.4
현대,코나 Electric,롱레인지,2025,2WD,19,64.8,N Line,4.7,5.1,4.3
현대,코나 Electric,롱레인지,2025,2WD,17,64.8,빌트인 캠,5.5,6.1,5
현대,포터2 Electric,None,2026,2WD,15,60.3,,3.1,3.6,2.7
제네시스,ELECTRIFIED G80,None,2027,4WD,19,94.5,,4.4,4.6,4.3
제네시스,ELECTRIFIED GV70,None,2027,4WD,19,84,,4.5,4.8,4.2
제네시스,ELECTRIFIED GV70,None,2027,4WD,20,84,,4.2,4.5,3.9
제네시스,GV60,None,2027,2WD,19,84,,5.1,5.6,4.6
제네시스,GV60,None,2027,4WD,19,84,,4.6,5,4.2
제네시스,GV60,None,2027,4WD,20,84,,4.4,4.7,4.1
제네시스,GV60,None,2027,4WD,21,84,퍼포먼스,4,4.3,3.6
제네시스,GV60 마그마,None,2026,4WD,21,84,,3.7,3.9,3.4
테슬라,Model 3,스탠다드,2026,2WD,18,72,,5.4,5.7,5.1
테슬라,Model 3,롱레인지,2026,2WD,18,94,프리미엄,5.4,5.6,5.1
테슬라,Model 3,롱레인지,2026,4WD,20,94,퍼포먼스,4.8,4.9,4.5
테슬라,Model Y,스탠다드,2026,2WD,19,75,프리미엄,5.1,5.3,4.8
테슬라,Model Y,롱레인지,2026,4WD,19,89.2,프리미엄,5.4,5.7,5.2
테슬라,Model Y L,롱레인지,2026,4WD,19,82,,5.6,5.7,5.4
테슬라,Model S,None,2025,4WD,21,114,,4.2,4,4.3
