brand,model,year,charger_type
KIA,EV3,2025,04
KIA,EV3,2026,04
KIA,EV4,2026,04
KIA,EV5,2026,04
KIA,EV6,2022,04
KIA,EV6,2023,04
KIA,EV6,2024,04
KIA,EV6,2025,04
KIA,EV6,2026,04
KIA,EV9,2024,04
KIA,EV9,2025,04
KIA,EV9,2026,04
KIA,니로 EV,2023,04
KIA,니로 EV,2024,04
KIA,니로 EV,2025,04
KIA,니로 EV,2026,04
KIA,니로 Plus,2023,04
KIA,레이 EV,2024,04
KIA,레이 EV,2025,04
KIA,레이 EV,2026,04
KIA,봉고3 EV,2022,04
KIA,봉고3 EV,2023,04
KIA,봉고3 EV,2024,04
KIA,봉고3 EV,2025,04
KIA,봉고3 EV,2026,04
KIA,쏘울 EV,2014,04
KIA,쏘울 EV,2015,04
KIA,쏘울 EV,2016,04
KIA,쏘울 EV,2017,04
KIA,쏘울 EV,2018,04
KIA,쏘울 EV,2021,04
현대,ST1,2025,04
현대,ST1,2026,04
현대,블루온,2012,01
현대,블루온,2012,02
현대,스타리아 Electric,2026,04
현대,아이오닉 5,2026,04
현대,아이오닉 6,2026,04
현대,아이오닉 9,2027,04
현대,아이오닉 Electric,2020,04
현대,캐스퍼 Electric,2026,04
현대,코나 Electric,2025,04
현대,포터5 Electric,2026,04
제네시스,ELECTRIFIED G80,2027,04
제네시스,ELECTRIFIED GV70,2027,04
제네시스,GV60,2027,04
제네시스,GV60 마그마,2027,04
테슬라,Model 3,2026,09
테슬라,Model Y,2026,09
테슬라,Model Y L,2026,09
테슬라,Model S,2025,09
