brand,model,battery_type,year,charger_output,charger_type,minutes
KIA,EV3,스탠다드,2025,,완속,340
KIA,EV3,스탠다드,2025,,급속,29
KIA,EV3,롱레인지,2025,,완속,470
KIA,EV3,롱레인지,2025,,급속,31
KIA,EV3,스탠다드,2026,,완속,340
KIA,EV3,스탠다드,2026,,급속,29
KIA,EV3,롱레인지,2026,,완속,470
KIA,EV3,롱레인지,2026,,급속,31
KIA,EV3 GT,None,2026,,급속,31
KIA,EV4,스탠다드,2026,,완속,340
KIA,EV4,스탠다드,2026,350,급속,29
KIA,EV4,스탠다드,2026,50,급속,55
KIA,EV4,롱레인지,2026,,완속,470
KIA,EV4,롱레인지,2026,350,급속,31
KIA,EV4,롱레인지,2026,50,급속,79
KIA,EV4 GT,None,2026,,급속,31
KIA,EV5,스탠다드,2026,,급속,30
KIA,EV5,롱레인지,2026,48,완속,465
KIA,EV5,롱레인지,2026,350,급속,30
KIA,EV5 GT,None,2026,,급속,30
KIA,EV6,스탠다드,2022,,완속,540
KIA,EV6,스탠다드,2022,350,급속,18
KIA,EV6,스탠다드,2022,50,급속,63
KIA,EV6,롱레인지,2022,,완속,705
KIA,EV6,롱레인지,2022,350,급속,18
KIA,EV6,롱레인지,2022,50,급속,73
KIA,EV6,스탠다드,2023,,완속,540
KIA,EV6,스탠다드,2023,350,급속,18
KIA,EV6,스탠다드,2023,50,급속,63
KIA,EV6,롱레인지,2023,,완속,705
KIA,EV6,롱레인지,2023,350,급속,18
KIA,EV6,롱레인지,2023,50,급속,73
KIA,EV6,스탠다드,2024,,완속,540
KIA,EV6,스탠다드,2024,350,급속,18
KIA,EV6,스탠다드,2024,50,급속,63
KIA,EV6,롱레인지,2024,,완속,705
KIA,EV6,롱레인지,2024,350,급속,18
KIA,EV6,롱레인지,2024,50,급속,73
KIA,EV6,스탠다드,2025,,완속,365
KIA,EV6,스탠다드,2025,350,급속,18
KIA,EV6,롱레인지,2025,,완속,475
KIA,EV6,롱레인지,2025,350,급속,18
KIA,EV6,스탠다드,2026,,완속,365
KIA,EV6,스탠다드,2026,350,급속,18
KIA,EV6,롱레인지,2026,,완속,475
KIA,EV6,롱레인지,2026,350,급속,18
KIA,EV6 GT,None,2026,,초급속,18
KIA,EV9,스탠다드,2025,,완속,440
KIA,EV9,스탠다드,2025,350,급속,20
KIA,EV9,스탠다드,2025,50,급속,63
KIA,EV9,롱레인지,2025,,완속,585
KIA,EV9,롱레인지,2025,350,급속,24
KIA,EV9,롱레인지,2025,50,급속,83
KIA,EV9,스탠다드,2026,,완속,440
KIA,EV9,스탠다드,2026,350,급속,20
KIA,EV9,스탠다드,2026,50,급속,63
KIA,EV9,롱레인지,2026,,완속,585
KIA,EV9,롱레인지,2026,350,급속,24
KIA,EV9,롱레인지,2026,50,급속,83
KIA,EV9 GT,None,2026,,초급속,24
KIA,니로 EV,None,2023,,완속,600
KIA,니로 EV,None,2023,350,급속,43
KIA,니로 EV,None,2023,100,급속,45
KIA,니로 EV,None,2023,50,급속,65
KIA,니로 EV,None,2024,,완속,600
KIA,니로 EV,None,2024,350,급속,43
KIA,니로 EV,None,2024,100,급속,45
KIA,니로 EV,None,2024,50,급속,65
KIA,니로 EV,None,2025,,완속,600
KIA,니로 EV,None,2025,350,급속,43
KIA,니로 EV,None,2025,100,급속,45
KIA,니로 EV,None,2025,50,급속,65
KIA,니로 EV,None,2026,,완속,395
KIA,니로 EV,None,2026,350,급속,43
KIA,니로 EV,None,2026,100,급속,45
KIA,니로 EV,None,2026,50,급속,65
KIA,니로 Plus,None,2023,,완속,590
KIA,니로 Plus,None,2023,100,급속,47
KIA,니로 Plus,None,2023,50,급속,64
KIA,레이 EV,None,2024,,완속,360
KIA,레이 EV,None,2024,350,급속,40
KIA,레이 EV,None,2024,100,급속,40
KIA,레이 EV,None,2024,50,급속,57
KIA,레이 EV,None,2025,,완속,360
KIA,레이 EV,None,2025,350,급속,40
KIA,레이 EV,None,2025,100,급속,40
KIA,레이 EV,None,2025,50,급속,57
KIA,봉고3 EV,None,2022,,완속,570
KIA,봉고3 EV,None,2022,100,급속,54
KIA,봉고3 EV,None,2022,50,급속,75
KIA,봉고3 EV,None,2023,,완속,510
KIA,봉고3 EV,None,2023,100,급속,47
KIA,봉고3 EV,None,2023,50,급속,75
KIA,봉고3 EV,None,2024,,완속,510
KIA,봉고3 EV,None,2024,100,급속,47
KIA,봉고3 EV,None,2024,50,급속,75
KIA,봉고3 EV,None,2025,,완속,510
KIA,봉고3 EV,None,2025,350,급속,32
KIA,봉고3 EV,None,2025,50,급속,60
KIA,봉고3 EV,None,2026,,완속,510
KIA,봉고3 EV,None,2026,350,급속,32
KIA,봉고3 EV,None,2026,50,급속,60
KIA,쏘울 EV,None,2014,,완속,260
KIA,쏘울 EV,None,2014,100,급속,24
KIA,쏘울 EV,None,2014,50,급속,33
KIA,쏘울 EV,None,2015,,완속,260
KIA,쏘울 EV,None,2015,100,급속,24
KIA,쏘울 EV,None,2015,50,급속,33
KIA,쏘울 EV,None,2016,,완속,280
KIA,쏘울 EV,None,2016,100,급속,22
KIA,쏘울 EV,None,2016,50,급속,30
KIA,쏘울 EV,None,2017,,완속,280
KIA,쏘울 EV,None,2017,100,급속,22
KIA,쏘울 EV,None,2017,50,급속,30
KIA,쏘울 EV,None,2018,,완속,280
KIA,쏘울 EV,None,2018,100,급속,22
KIA,쏘울 EV,None,2018,50,급속,30
KIA,쏘울 EV,도심,2021,,완속,370
KIA,쏘울 EV,도심,2021,100,급속,54
KIA,쏘울 EV,도심,2021,50,급속,75
KIA,쏘울 EV,항속,2021,,완속,575
KIA,쏘울 EV,항속,2021,100,급속,54
KIA,쏘울 EV,항속,2021,50,급속,75
현대,ST1,None,2025,11,완속,440
현대,ST1,None,2025,50,급속,63
현대,ST1,None,2025,350,급속,20
현대,ST1,None,2026,11,완속,440
현대,ST1,None,2026,50,급속,63
현대,ST1,None,2026,350,급속,20
현대,블루온,None,2012,,완속,420
현대,블루온,None,2012,,급속,30
현대,스타리아 Electric,None,2026,,완속,475
현대,스타리아 Electric,None,2026,350,급속,20
현대,스타리아 Electric,None,2026,50,급속,81
현대,아이오닉 5,스탠다드,2026,,완속,365
현대,아이오닉 5,스탠다드,2026,350,급속,18
현대,아이오닉 5,스탠다드,2026,50,급속,63
현대,아이오닉 5,롱레인지,2026,,완속,475
현대,아이오닉 5,롱레인지,2026,350,급속,18
현대,아이오닉 5,롱레인지,2026,50,급속,69
현대,아이오닉 6,스탠다드,2026,,완속,365
현대,아이오닉 6,스탠다드,2026,350,급속,18
현대,아이오닉 6,스탠다드,2026,50,급속,60
현대,아이오닉 6,롱레인지,2026,,완속,475
현대,아이오닉 6,롱레인지,2026,350,급속,18
현대,아이오닉 6,롱레인지,2026,50,급속,80
현대,아이오닉 9,롱레인지,2027,,완속,630
현대,아이오닉 9,롱레인지,2027,350,급속,24
현대,아이오닉 9,롱레인지,2027,50,급속,109
현대,아이오닉 Electric,None,2020,,완속,365
현대,아이오닉 Electric,None,2020,100,급속,54
현대,아이오닉 Electric,None,2020,50,급속,57
현대,캐스퍼 Electric,스탠다드,2026,,완속,255
현대,캐스퍼 Electric,스탠다드,2026,150,급속,30
현대,캐스퍼 Electric,스탠다드,2026,50,급속,55
현대,캐스퍼 Electric,롱레인지,2026,,완속,285
현대,캐스퍼 Electric,롱레인지,2026,150,급속,30
현대,캐스퍼 Electric,롱레인지,2026,50,급속,55
현대,코나 Electric,스탠다드,2025,,완속,315
현대,코나 Electric,스탠다드,2025,350,급속,39
현대,코나 Electric,스탠다드,2025,50,급속,65
현대,코나 Electric,롱레인지,2025,,완속,395
현대,코나 Electric,롱레인지,2025,350,급속,39
현대,코나 Electric,롱레인지,2025,50,급속,65
현대,포터2 Electric,None,2026,,완속,510
현대,포터2 Electric,None,2026,150,급속,32
현대,포터2 Electric,None,2026,100,급속,38
현대,포터2 Electric,None,2026,50,급속,60
제네시스,ELECTRIFIED G80,None,2027,,완속,540
제네시스,ELECTRIFIED G80,None,2027,350,급속,25
제네시스,ELECTRIFIED G80,None,2027,50,급속,84
제네시스,ELECTRIFIED GV70,None,2027,,완속,475
제네시스,ELECTRIFIED GV70,None,2027,350,급속,19
제네시스,ELECTRIFIED GV70,None,2027,50,급속,81
제네시스,GV60,None,2027,,완속,475
제네시스,GV60,None,2027,350,급속,18
제네시스,GV60,None,2027,50,급속,81
제네시스,GV60 마그마,None,2027,,완속,475
제네시스,GV60 마그마,None,2027,350,급속,18
제네시스,GV60 마그마,None,2027,50,급속,81
테슬라,Model 3,스탠다드,2026,,급속,30
테슬라,Model 3,롱레인지,2026,,급속,30
